Category,Match,File
SDG Goal,Goal 1,The-Sustainable-Development-Goals-Report-2020.txt
SDG Goal,Goal 2,The-Sustainable-Development-Goals-Report-2020.txt
SDG Goal,Goal 3,The-Sustainable-Development-Goals-Report-2020.txt
SDG Goal,Goal 4,The-Sustainable-Development-Goals-Report-2020.txt
SDG Goal,Goal 5,The-Sustainable-Development-Goals-Report-2020.txt
SDG Goal,Goal 6,The-Sustainable-Development-Goals-Report-2020.txt
SDG Goal,Goal 7,The-Sustainable-Development-Goals-Report-2020.txt
SDG Goal,Goal 8,The-Sustainable-Development-Goals-Report-2020.txt
SDG Goal,Goal 9,The-Sustainable-Development-Goals-Report-2020.txt
SDG Goal,Goal 10,The-Sustainable-Development-Goals-Report-2020.txt
SDG Goal,Goal 11,The-Sustainable-Development-Goals-Report-2020.txt
SDG Goal,Goal 12,The-Sustainable-Development-Goals-Report-2020.txt
SDG Goal,Goal 13,The-Sustainable-Development-Goals-Report-2020.txt
SDG Goal,Goal 14,The-Sustainable-Development-Goals-Report-2020.txt
SDG Goal,Goal 15,The-Sustainable-Development-Goals-Report-2020.txt
SDG Goal,Goal 16,The-Sustainable-Development-Goals-Report-2020.txt
SDG Goal,Goal 17,The-Sustainable-Development-Goals-Report-2020.txt
SDG Goal,Goal 1,The-Sustainable-Development-Goals-Report-2020.txt
SDG Goal,Goal 5,The-Sustainable-Development-Goals-Report-2020.txt
SDG Goal,Goal 11,The-Sustainable-Development-Goals-Report-2020.txt
SDG Goal,Goal 16,The-Sustainable-Development-Goals-Report-2020.txt
SDG Goal,Goal 5,The-Sustainable-Development-Goals-Report-2020.txt
SDG Goal,Goal 12,The-Sustainable-Development-Goals-Report-2020.txt
SDG Goal,Goal 13,The-Sustainable-Development-Goals-Report-2020.txt
SDG Goal,Goal 1,The-Sustainable-Development-Goals-Report-2020.txt
SDG Goal,Goal 1,The-Sustainable-Development-Goals-Report-2020.txt
SDG Goal,Goal 2,The-Sustainable-Development-Goals-Report-2020.txt
SDG Goal,Goal 3,The-Sustainable-Development-Goals-Report-2020.txt
SDG Goal,Goal 3,The-Sustainable-Development-Goals-Report-2020.txt
SDG Goal,Goal 3,The-Sustainable-Development-Goals-Report-2020.txt
SDG Goal,Goal 4,The-Sustainable-Development-Goals-Report-2020.txt
SDG Goal,Goal 4,The-Sustainable-Development-Goals-Report-2020.txt
SDG Goal,Goal 5,The-Sustainable-Development-Goals-Report-2020.txt
SDG Goal,Goal 6,The-Sustainable-Development-Goals-Report-2020.txt
SDG Goal,Goal 6,The-Sustainable-Development-Goals-Report-2020.txt
SDG Goal,Goal 6,The-Sustainable-Development-Goals-Report-2020.txt
SDG Goal,Goal 6,The-Sustainable-Development-Goals-Report-2020.txt
SDG Goal,Goal 7,The-Sustainable-Development-Goals-Report-2020.txt
SDG Goal,Goal 7,The-Sustainable-Development-Goals-Report-2020.txt
SDG Goal,Goal 7,The-Sustainable-Development-Goals-Report-2020.txt
SDG Goal,Goal 7,The-Sustainable-Development-Goals-Report-2020.txt
SDG Goal,Goal 8,The-Sustainable-Development-Goals-Report-2020.txt
SDG Goal,Goal 9,The-Sustainable-Development-Goals-Report-2020.txt
SDG Goal,Goal 10,The-Sustainable-Development-Goals-Report-2020.txt
SDG Goal,Goal 11,The-Sustainable-Development-Goals-Report-2020.txt
SDG Goal,Goal 12,The-Sustainable-Development-Goals-Report-2020.txt
SDG Goal,Goal 13,The-Sustainable-Development-Goals-Report-2020.txt
SDG Goal,Goal 14,The-Sustainable-Development-Goals-Report-2020.txt
SDG Goal,Goal 15,The-Sustainable-Development-Goals-Report-2020.txt
SDG Goal,Goal 15,The-Sustainable-Development-Goals-Report-2020.txt
SDG Goal,Goal 16,The-Sustainable-Development-Goals-Report-2020.txt
SDG Goal,Goal 17,The-Sustainable-Development-Goals-Report-2020.txt
SDG Target,target 16.2,The-Sustainable-Development-Goals-Report-2020.txt
SDG Indicator,indicator 12.6.1,The-Sustainable-Development-Goals-Report-2020.txt
Global Agreement,2030 Agenda,The-Sustainable-Development-Goals-Report-2020.txt
Global Agreement,2030 Agenda,The-Sustainable-Development-Goals-Report-2020.txt
Global Agreement,Paris Agreement,The-Sustainable-Development-Goals-Report-2020.txt
Global Agreement,Addis Ababa Action Agenda,The-Sustainable-Development-Goals-Report-2020.txt
Global Agreement,2030 Agenda,The-Sustainable-Development-Goals-Report-2020.txt
Global Agreement,2030 Agenda,The-Sustainable-Development-Goals-Report-2020.txt
Global Agreement,2030 Agenda,The-Sustainable-Development-Goals-Report-2020.txt
Global Agreement,Sendai Framework,The-Sustainable-Development-Goals-Report-2020.txt
Global Agreement,Sendai Framework,The-Sustainable-Development-Goals-Report-2020.txt
Global Agreement,2030 Agenda,The-Sustainable-Development-Goals-Report-2020.txt
Global Agreement,Paris Agreement,The-Sustainable-Development-Goals-Report-2020.txt
Global Agreement,Paris Agreement,The-Sustainable-Development-Goals-Report-2020.txt
Global Agreement,Sendai Framework,The-Sustainable-Development-Goals-Report-2020.txt
Global Agreement,Paris Agreement,The-Sustainable-Development-Goals-Report-2020.txt
Global Agreement,Paris Agreement,The-Sustainable-Development-Goals-Report-2020.txt
Global Agreement,Paris Agreement,The-Sustainable-Development-Goals-Report-2020.txt
Global Agreement,Sendai Framework,The-Sustainable-Development-Goals-Report-2020.txt
Global Agreement,2030 Agenda,The-Sustainable-Development-Goals-Report-2020.txt
Global Agreement,Sendai Framework,The-Sustainable-Development-Goals-Report-2020.txt
Global Agreement,Sendai Framework,The-Sustainable-Development-Goals-Report-2020.txt
Global Agreement,Sendai Framework,The-Sustainable-Development-Goals-Report-2020.txt
Global Agreement,2030 Agenda,The-Sustainable-Development-Goals-Report-2020.txt
Global Agreement,Sendai Framework,The-Sustainable-Development-Goals-Report-2020.txt
Climate Metrics,climate-resilient,The-Sustainable-Development-Goals-Report-2020.txt
Climate Metrics,greenhouse gas emissions,The-Sustainable-Development-Goals-Report-2020.txt
Climate Metrics,greenhouse gas emissions,The-Sustainable-Development-Goals-Report-2020.txt
Climate Metrics,greenhouse gas emissions,The-Sustainable-Development-Goals-Report-2020.txt
Climate Metrics,greenhouse gas emissions,The-Sustainable-Development-Goals-Report-2020.txt
Climate Metrics,greenhouse gas emissions,The-Sustainable-Development-Goals-Report-2020.txt
Climate Metrics,climate-resilient,The-Sustainable-Development-Goals-Report-2020.txt
Climate Metrics,greenhouse gas emissions,The-Sustainable-Development-Goals-Report-2020.txt
Climate Metrics,greenhouse gas emissions,The-Sustainable-Development-Goals-Report-2020.txt
Climate Metrics,climate-resilient,The-Sustainable-Development-Goals-Report-2020.txt
Poverty,extreme poverty,The-Sustainable-Development-Goals-Report-2020.txt
Poverty,extreme poverty,The-Sustainable-Development-Goals-Report-2020.txt
Poverty,extreme poverty,The-Sustainable-Development-Goals-Report-2020.txt
Poverty,extreme poverty,The-Sustainable-Development-Goals-Report-2020.txt
Poverty,extreme poverty,The-Sustainable-Development-Goals-Report-2020.txt
Poverty,extreme poverty,The-Sustainable-Development-Goals-Report-2020.txt
Poverty,extreme poverty,The-Sustainable-Development-Goals-Report-2020.txt
Poverty,extreme poverty,The-Sustainable-Development-Goals-Report-2020.txt
Poverty,extreme poverty,The-Sustainable-Development-Goals-Report-2020.txt
Poverty,extreme poverty,The-Sustainable-Development-Goals-Report-2020.txt
Poverty,extreme poverty,The-Sustainable-Development-Goals-Report-2020.txt
Poverty,poverty line,The-Sustainable-Development-Goals-Report-2020.txt
Poverty,extreme poverty,The-Sustainable-Development-Goals-Report-2020.txt
Poverty,Social protection coverage,The-Sustainable-Development-Goals-Report-2020.txt
Education,school completion rate,The-Sustainable-Development-Goals-Report-2020.txt
Education,school completion rate,The-Sustainable-Development-Goals-Report-2020.txt
Education,school completion rate,The-Sustainable-Development-Goals-Report-2020.txt
Progress Status,on track,The-Sustainable-Development-Goals-Report-2020.txt
Progress Status,on track,The-Sustainable-Development-Goals-Report-2020.txt
Progress Status,on track,The-Sustainable-Development-Goals-Report-2020.txt
Progress Status,on track,The-Sustainable-Development-Goals-Report-2020.txt
Progress Status,on track,The-Sustainable-Development-Goals-Report-2020.txt
Progress Status,on track,The-Sustainable-Development-Goals-Report-2020.txt
Progress Status,No data,The-Sustainable-Development-Goals-Report-2020.txt
Progress Status,No data,The-Sustainable-Development-Goals-Report-2020.txt
Progress Status,No data,The-Sustainable-Development-Goals-Report-2020.txt
Progress Status,on track,The-Sustainable-Development-Goals-Report-2020.txt
Progress Status,on track,The-Sustainable-Development-Goals-Report-2020.txt
Progress Status,on track,The-Sustainable-Development-Goals-Report-2020.txt
Progress Status,on track,The-Sustainable-Development-Goals-Report-2020.txt
Progress Status,On track,The-Sustainable-Development-Goals-Report-2020.txt
Progress Status,on track,The-Sustainable-Development-Goals-Report-2020.txt
Progress Status,No data,The-Sustainable-Development-Goals-Report-2020.txt
Action and Impact,economic loss,The-Sustainable-Development-Goals-Report-2020.txt
Action and Impact,urgent action,The-Sustainable-Development-Goals-Report-2020.txt
Action and Impact,economic loss,The-Sustainable-Development-Goals-Report-2020.txt
Action and Impact,economic loss,The-Sustainable-Development-Goals-Report-2020.txt
Action and Impact,economic loss,The-Sustainable-Development-Goals-Report-2020.txt
Action and Impact,economic loss,The-Sustainable-Development-Goals-Report-2020.txt
Action and Impact,Urgent action,The-Sustainable-Development-Goals-Report-2020.txt
Action and Impact,urgent action,The-Sustainable-Development-Goals-Report-2020.txt
Action and Impact,urgent action,The-Sustainable-Development-Goals-Report-2020.txt
Action and Impact,economic loss,The-Sustainable-Development-Goals-Report-2020.txt
Action and Impact,Urgent action,The-Sustainable-Development-Goals-Report-2020.txt
Data and Monitoring,disaggregated data,The-Sustainable-Development-Goals-Report-2020.txt
Data and Monitoring,disaggregated data,The-Sustainable-Development-Goals-Report-2020.txt
Data and Monitoring,data gaps,The-Sustainable-Development-Goals-Report-2020.txt
Data and Monitoring,data gaps,The-Sustainable-Development-Goals-Report-2020.txt
Data and Monitoring,disaggregated data,The-Sustainable-Development-Goals-Report-2020.txt
Data and Monitoring,disaggregated data,The-Sustainable-Development-Goals-Report-2020.txt
Data and Monitoring,disaggregated data,The-Sustainable-Development-Goals-Report-2020.txt
Biodiversity and Ecosystems,biodiversity loss,The-Sustainable-Development-Goals-Report-2020.txt
Biodiversity and Ecosystems,biodiversity loss,The-Sustainable-Development-Goals-Report-2020.txt
Biodiversity and Ecosystems,biodiversity loss,The-Sustainable-Development-Goals-Report-2020.txt
Biodiversity and Ecosystems,biodiversity loss,The-Sustainable-Development-Goals-Report-2020.txt
Biodiversity and Ecosystems,endangered species,The-Sustainable-Development-Goals-Report-2020.txt
Marine and Water Issues,Life below water,The-Sustainable-Development-Goals-Report-2020.txt
Marine and Water Issues,Ocean acidification,The-Sustainable-Development-Goals-Report-2020.txt
Marine and Water Issues,water stress,The-Sustainable-Development-Goals-Report-2020.txt
Marine and Water Issues,water stress,The-Sustainable-Development-Goals-Report-2020.txt
Marine and Water Issues,water stress,The-Sustainable-Development-Goals-Report-2020.txt
Marine and Water Issues,water stress,The-Sustainable-Development-Goals-Report-2020.txt
Marine and Water Issues,water stress,The-Sustainable-Development-Goals-Report-2020.txt
Marine and Water Issues,water stress,The-Sustainable-Development-Goals-Report-2020.txt
Marine and Water Issues,water stress,The-Sustainable-Development-Goals-Report-2020.txt
Marine and Water Issues,water stress,The-Sustainable-Development-Goals-Report-2020.txt
Marine and Water Issues,ocean acidification,The-Sustainable-Development-Goals-Report-2020.txt
Marine and Water Issues,ocean acidification,The-Sustainable-Development-Goals-Report-2020.txt
Marine and Water Issues,Life below water,The-Sustainable-Development-Goals-Report-2020.txt
Energy Transition,Energy efficiency,The-Sustainable-Development-Goals-Report-2020.txt
Energy Transition,energy efficiency,The-Sustainable-Development-Goals-Report-2020.txt
Energy Transition,energy efficiency,The-Sustainable-Development-Goals-Report-2020.txt
Energy Transition,energy efficiency,The-Sustainable-Development-Goals-Report-2020.txt
Work and Employment,Decent work,The-Sustainable-Development-Goals-Report-2020.txt
Work and Employment,decent work,The-Sustainable-Development-Goals-Report-2020.txt
Work and Employment,decent work,The-Sustainable-Development-Goals-Report-2020.txt
Work and Employment,labour market,The-Sustainable-Development-Goals-Report-2020.txt
Work and Employment,decent work,The-Sustainable-Development-Goals-Report-2020.txt
Work and Employment,decent work,The-Sustainable-Development-Goals-Report-2020.txt
Work and Employment,unemployment rate,The-Sustainable-Development-Goals-Report-2020.txt
Work and Employment,Unemployment rate,The-Sustainable-Development-Goals-Report-2020.txt
Work and Employment,unemployment rate,The-Sustainable-Development-Goals-Report-2020.txt
Work and Employment,unemployment rate,The-Sustainable-Development-Goals-Report-2020.txt
Work and Employment,unemployment rate,The-Sustainable-Development-Goals-Report-2020.txt
Work and Employment,decent work,The-Sustainable-Development-Goals-Report-2020.txt
Work and Employment,Decent work,The-Sustainable-Development-Goals-Report-2020.txt
Inequalities,Reduced inequalities,The-Sustainable-Development-Goals-Report-2020.txt
Inequalities,Income inequality,The-Sustainable-Development-Goals-Report-2020.txt
Inequalities,income inequality,The-Sustainable-Development-Goals-Report-2020.txt
Inequalities,income inequality,The-Sustainable-Development-Goals-Report-2020.txt
Inequalities,Income inequality,The-Sustainable-Development-Goals-Report-2020.txt
Inequalities,income inequality,The-Sustainable-Development-Goals-Report-2020.txt
Inequalities,income inequality,The-Sustainable-Development-Goals-Report-2020.txt
Inequalities,income inequality,The-Sustainable-Development-Goals-Report-2020.txt
Inequalities,income inequality,The-Sustainable-Development-Goals-Report-2020.txt
Inequalities,Reduced inequalities,The-Sustainable-Development-Goals-Report-2020.txt
Health Metrics,Universal health coverage,The-Sustainable-Development-Goals-Report-2020.txt
Health Metrics,universal health coverage,The-Sustainable-Development-Goals-Report-2020.txt
Health Metrics,universal health coverage,The-Sustainable-Development-Goals-Report-2020.txt
Progress and Performance,achieved Progress,The-Sustainable-Development-Goals-Report-2020.txt
Financial Support,development aid,The-Sustainable-Development-Goals-Report-2020.txt
Financial Support,CLIMATE FINANCE,The-Sustainable-Development-Goals-Report-2020.txt
Financial Support,debt relief,The-Sustainable-Development-Goals-Report-2020.txt
Financial Support,climate finance,The-Sustainable-Development-Goals-Report-2020.txt
SDG Goal,Goal 1,The-Sustainable-Development-Goals-Report-2022.txt
SDG Goal,Goal 2,The-Sustainable-Development-Goals-Report-2022.txt
SDG Goal,Goal 3,The-Sustainable-Development-Goals-Report-2022.txt
SDG Goal,Goal 4,The-Sustainable-Development-Goals-Report-2022.txt
SDG Goal,Goal 5,The-Sustainable-Development-Goals-Report-2022.txt
SDG Goal,Goal 6,The-Sustainable-Development-Goals-Report-2022.txt
SDG Goal,Goal 7,The-Sustainable-Development-Goals-Report-2022.txt
SDG Goal,Goal 8,The-Sustainable-Development-Goals-Report-2022.txt
SDG Goal,Goal 9,The-Sustainable-Development-Goals-Report-2022.txt
SDG Goal,Goal 10,The-Sustainable-Development-Goals-Report-2022.txt
SDG Goal,Goal 11,The-Sustainable-Development-Goals-Report-2022.txt
SDG Goal,Goal 12,The-Sustainable-Development-Goals-Report-2022.txt
SDG Goal,Goal 13,The-Sustainable-Development-Goals-Report-2022.txt
SDG Goal,Goal 14,The-Sustainable-Development-Goals-Report-2022.txt
SDG Goal,Goal 15,The-Sustainable-Development-Goals-Report-2022.txt
SDG Goal,Goal 16,The-Sustainable-Development-Goals-Report-2022.txt
SDG Goal,Goal 17,The-Sustainable-Development-Goals-Report-2022.txt
SDG Goal,Goal 3,The-Sustainable-Development-Goals-Report-2022.txt
SDG Goal,Goal 13,The-Sustainable-Development-Goals-Report-2022.txt
SDG Goal,Goal 1,The-Sustainable-Development-Goals-Report-2022.txt
SDG Goal,Goal 2,The-Sustainable-Development-Goals-Report-2022.txt
SDG Goal,Goal 3,The-Sustainable-Development-Goals-Report-2022.txt
SDG Goal,Goal 3,The-Sustainable-Development-Goals-Report-2022.txt
SDG Goal,Goal 3,The-Sustainable-Development-Goals-Report-2022.txt
SDG Goal,Goal 3,The-Sustainable-Development-Goals-Report-2022.txt
SDG Goal,Goal 4,The-Sustainable-Development-Goals-Report-2022.txt
SDG Goal,Goal 5,The-Sustainable-Development-Goals-Report-2022.txt
SDG Goal,Goal 5,The-Sustainable-Development-Goals-Report-2022.txt
SDG Goal,Goal 6,The-Sustainable-Development-Goals-Report-2022.txt
SDG Goal,Goal 7,The-Sustainable-Development-Goals-Report-2022.txt
SDG Goal,Goal 7,The-Sustainable-Development-Goals-Report-2022.txt
SDG Goal,Goal 7,The-Sustainable-Development-Goals-Report-2022.txt
SDG Goal,Goal 7,The-Sustainable-Development-Goals-Report-2022.txt
SDG Goal,Goal 8,The-Sustainable-Development-Goals-Report-2022.txt
SDG Goal,Goal 9,The-Sustainable-Development-Goals-Report-2022.txt
SDG Goal,Goal 9,The-Sustainable-Development-Goals-Report-2022.txt
SDG Goal,Goal 10,The-Sustainable-Development-Goals-Report-2022.txt
SDG Goal,Goal 11,The-Sustainable-Development-Goals-Report-2022.txt
SDG Goal,Goal 12,The-Sustainable-Development-Goals-Report-2022.txt
SDG Goal,Goal 13,The-Sustainable-Development-Goals-Report-2022.txt
SDG Goal,Goal 14,The-Sustainable-Development-Goals-Report-2022.txt
SDG Goal,Goal 15,The-Sustainable-Development-Goals-Report-2022.txt
SDG Goal,Goal 16,The-Sustainable-Development-Goals-Report-2022.txt
SDG Goal,Goal 17,The-Sustainable-Development-Goals-Report-2022.txt
Global Agreement,2030 Agenda,The-Sustainable-Development-Goals-Report-2022.txt
Global Agreement,2030 Agenda,The-Sustainable-Development-Goals-Report-2022.txt
Global Agreement,2030 Agenda,The-Sustainable-Development-Goals-Report-2022.txt
Global Agreement,2030 Agenda,The-Sustainable-Development-Goals-Report-2022.txt
Global Agreement,Paris Agreement,The-Sustainable-Development-Goals-Report-2022.txt
Global Agreement,2030 Agenda,The-Sustainable-Development-Goals-Report-2022.txt
Global Agreement,Sendai Framework,The-Sustainable-Development-Goals-Report-2022.txt
Global Agreement,2030 Agenda,The-Sustainable-Development-Goals-Report-2022.txt
Global Agreement,Paris Agreement,The-Sustainable-Development-Goals-Report-2022.txt
Global Agreement,Paris Agreement,The-Sustainable-Development-Goals-Report-2022.txt
Climate Metrics,greenhouse gas emissions,The-Sustainable-Development-Goals-Report-2022.txt
Climate Metrics,greenhouse gas emissions,The-Sustainable-Development-Goals-Report-2022.txt
Climate Metrics,greenhouse gas emissions,The-Sustainable-Development-Goals-Report-2022.txt
Climate Metrics,greenhouse gas emissions,The-Sustainable-Development-Goals-Report-2022.txt
Climate Metrics,greenhouse gas emissions,The-Sustainable-Development-Goals-Report-2022.txt
Climate Metrics,greenhouse gas emissions,The-Sustainable-Development-Goals-Report-2022.txt
Climate Metrics,greenhouse gas emissions,The-Sustainable-Development-Goals-Report-2022.txt
Poverty,extreme poverty,The-Sustainable-Development-Goals-Report-2022.txt
Poverty,extreme poverty,The-Sustainable-Development-Goals-Report-2022.txt
Poverty,extreme poverty,The-Sustainable-Development-Goals-Report-2022.txt
Poverty,extreme poverty,The-Sustainable-Development-Goals-Report-2022.txt
Poverty,extreme poverty,The-Sustainable-Development-Goals-Report-2022.txt
Poverty,extreme poverty,The-Sustainable-Development-Goals-Report-2022.txt
Poverty,extreme poverty,The-Sustainable-Development-Goals-Report-2022.txt
Poverty,extreme poverty,The-Sustainable-Development-Goals-Report-2022.txt
Poverty,extreme poverty,The-Sustainable-Development-Goals-Report-2022.txt
Poverty,extreme poverty,The-Sustainable-Development-Goals-Report-2022.txt
Poverty,extreme poverty,The-Sustainable-Development-Goals-Report-2022.txt
Poverty,extreme poverty,The-Sustainable-Development-Goals-Report-2022.txt
Education,school completion rate,The-Sustainable-Development-Goals-Report-2022.txt
Gender Equality,gender-responsive budgeting,The-Sustainable-Development-Goals-Report-2022.txt
Gender Equality,gender-responsive budgeting,The-Sustainable-Development-Goals-Report-2022.txt
Gender Equality,gender-responsive budgeting,The-Sustainable-Development-Goals-Report-2022.txt
Progress Status,on track,The-Sustainable-Development-Goals-Report-2022.txt
Progress Status,on track,The-Sustainable-Development-Goals-Report-2022.txt
Progress Status,on track,The-Sustainable-Development-Goals-Report-2022.txt
Progress Status,on track,The-Sustainable-Development-Goals-Report-2022.txt
Progress Status,on track,The-Sustainable-Development-Goals-Report-2022.txt
Progress Status,No data,The-Sustainable-Development-Goals-Report-2022.txt
Progress Status,on track,The-Sustainable-Development-Goals-Report-2022.txt
Progress Status,On track,The-Sustainable-Development-Goals-Report-2022.txt
Action and Impact,urgent action,The-Sustainable-Development-Goals-Report-2022.txt
Action and Impact,urgent action,The-Sustainable-Development-Goals-Report-2022.txt
Action and Impact,economic loss,The-Sustainable-Development-Goals-Report-2022.txt
Data and Monitoring,disaggregated data,The-Sustainable-Development-Goals-Report-2022.txt
Data and Monitoring,data gaps,The-Sustainable-Development-Goals-Report-2022.txt
Data and Monitoring,data gaps,The-Sustainable-Development-Goals-Report-2022.txt
Data and Monitoring,disaggregated data,The-Sustainable-Development-Goals-Report-2022.txt
Data and Monitoring,disaggregated data,The-Sustainable-Development-Goals-Report-2022.txt
Data and Monitoring,data gaps,The-Sustainable-Development-Goals-Report-2022.txt
Data and Monitoring,data gaps,The-Sustainable-Development-Goals-Report-2022.txt
Data and Monitoring,data gaps,The-Sustainable-Development-Goals-Report-2022.txt
Data and Monitoring,disaggregated data,The-Sustainable-Development-Goals-Report-2022.txt
Data and Monitoring,data gaps,The-Sustainable-Development-Goals-Report-2022.txt
Biodiversity and Ecosystems,biodiversity loss,The-Sustainable-Development-Goals-Report-2022.txt
Biodiversity and Ecosystems,biodiversity loss,The-Sustainable-Development-Goals-Report-2022.txt
Biodiversity and Ecosystems,biodiversity loss,The-Sustainable-Development-Goals-Report-2022.txt
Marine and Water Issues,Life below water,The-Sustainable-Development-Goals-Report-2022.txt
Marine and Water Issues,ocean acidification,The-Sustainable-Development-Goals-Report-2022.txt
Marine and Water Issues,water stress,The-Sustainable-Development-Goals-Report-2022.txt
Marine and Water Issues,marine pollution,The-Sustainable-Development-Goals-Report-2022.txt
Marine and Water Issues,water stress,The-Sustainable-Development-Goals-Report-2022.txt
Marine and Water Issues,Water stress,The-Sustainable-Development-Goals-Report-2022.txt
Marine and Water Issues,water stress,The-Sustainable-Development-Goals-Report-2022.txt
Marine and Water Issues,water stress,The-Sustainable-Development-Goals-Report-2022.txt
Marine and Water Issues,water stress,The-Sustainable-Development-Goals-Report-2022.txt
Marine and Water Issues,water stress,The-Sustainable-Development-Goals-Report-2022.txt
Marine and Water Issues,water stress,The-Sustainable-Development-Goals-Report-2022.txt
Marine and Water Issues,water stress,The-Sustainable-Development-Goals-Report-2022.txt
Marine and Water Issues,ocean acidification,The-Sustainable-Development-Goals-Report-2022.txt
Marine and Water Issues,Life below water,The-Sustainable-Development-Goals-Report-2022.txt
Marine and Water Issues,ocean acidification,The-Sustainable-Development-Goals-Report-2022.txt
Marine and Water Issues,Ocean acidification,The-Sustainable-Development-Goals-Report-2022.txt
Marine and Water Issues,ocean acidification,The-Sustainable-Development-Goals-Report-2022.txt
Marine and Water Issues,marine pollution,The-Sustainable-Development-Goals-Report-2022.txt
Marine and Water Issues,Life below water,The-Sustainable-Development-Goals-Report-2022.txt
Energy Transition,energy efficiency,The-Sustainable-Development-Goals-Report-2022.txt
Energy Transition,energy efficiency,The-Sustainable-Development-Goals-Report-2022.txt
Energy Transition,energy efficiency,The-Sustainable-Development-Goals-Report-2022.txt
Energy Transition,energy efficiency,The-Sustainable-Development-Goals-Report-2022.txt
Energy Transition,energy efficiency,The-Sustainable-Development-Goals-Report-2022.txt
Work and Employment,Decent work,The-Sustainable-Development-Goals-Report-2022.txt
Work and Employment,labour market,The-Sustainable-Development-Goals-Report-2022.txt
Work and Employment,unemployment rate,The-Sustainable-Development-Goals-Report-2022.txt
Work and Employment,decent work,The-Sustainable-Development-Goals-Report-2022.txt
Work and Employment,UNEMPLOYMENT RATE,The-Sustainable-Development-Goals-Report-2022.txt
Work and Employment,Labour Market,The-Sustainable-Development-Goals-Report-2022.txt
Work and Employment,Decent work,The-Sustainable-Development-Goals-Report-2022.txt
Work and Employment,decent work,The-Sustainable-Development-Goals-Report-2022.txt
Work and Employment,labour market,The-Sustainable-Development-Goals-Report-2022.txt
Work and Employment,labour market,The-Sustainable-Development-Goals-Report-2022.txt
Work and Employment,Labour market,The-Sustainable-Development-Goals-Report-2022.txt
Work and Employment,labour market,The-Sustainable-Development-Goals-Report-2022.txt
Work and Employment,Labour market,The-Sustainable-Development-Goals-Report-2022.txt
Work and Employment,unemployment rate,The-Sustainable-Development-Goals-Report-2022.txt
Work and Employment,Unemployment rate,The-Sustainable-Development-Goals-Report-2022.txt
Work and Employment,Labour market,The-Sustainable-Development-Goals-Report-2022.txt
Work and Employment,unemployment rate,The-Sustainable-Development-Goals-Report-2022.txt
Work and Employment,Decent work,The-Sustainable-Development-Goals-Report-2022.txt
Work and Employment,labour market,The-Sustainable-Development-Goals-Report-2022.txt
Work and Employment,decent work,The-Sustainable-Development-Goals-Report-2022.txt
Work and Employment,decent work,The-Sustainable-Development-Goals-Report-2022.txt
Inequalities,Reduced inequalities,The-Sustainable-Development-Goals-Report-2022.txt
Inequalities,income inequality,The-Sustainable-Development-Goals-Report-2022.txt
Inequalities,income inequality,The-Sustainable-Development-Goals-Report-2022.txt
Inequalities,Reduced inequalities,The-Sustainable-Development-Goals-Report-2022.txt
Inequalities,income inequality,The-Sustainable-Development-Goals-Report-2022.txt
Inequalities,income inequality,The-Sustainable-Development-Goals-Report-2022.txt
Inequalities,income inequality,The-Sustainable-Development-Goals-Report-2022.txt
Inequalities,income inequality,The-Sustainable-Development-Goals-Report-2022.txt
Inequalities,income inequality,The-Sustainable-Development-Goals-Report-2022.txt
Inequalities,Income inequality,The-Sustainable-Development-Goals-Report-2022.txt
Inequalities,income inequality,The-Sustainable-Development-Goals-Report-2022.txt
Inequalities,Reduced inequalities,The-Sustainable-Development-Goals-Report-2022.txt
Health Metrics,mental health,The-Sustainable-Development-Goals-Report-2022.txt
Health Metrics,mental health,The-Sustainable-Development-Goals-Report-2022.txt
Health Metrics,mental health,The-Sustainable-Development-Goals-Report-2022.txt
Health Metrics,mental health,The-Sustainable-Development-Goals-Report-2022.txt
Health Metrics,mental health,The-Sustainable-Development-Goals-Report-2022.txt
Health Metrics,mental health,The-Sustainable-Development-Goals-Report-2022.txt
Health Metrics,mental health,The-Sustainable-Development-Goals-Report-2022.txt
Health Metrics,Universal health coverage,The-Sustainable-Development-Goals-Report-2022.txt
Health Metrics,mental health,The-Sustainable-Development-Goals-Report-2022.txt
Health Metrics,mental health,The-Sustainable-Development-Goals-Report-2022.txt
Health Metrics,mental health,The-Sustainable-Development-Goals-Report-2022.txt
Financial Support,development aid,The-Sustainable-Development-Goals-Report-2022.txt
Financial Support,development aid,The-Sustainable-Development-Goals-Report-2022.txt
Financial Support,Climate finance,The-Sustainable-Development-Goals-Report-2022.txt
Financial Support,climate finance,The-Sustainable-Development-Goals-Report-2022.txt
Financial Support,Climate finance,The-Sustainable-Development-Goals-Report-2022.txt
Financial Support,Climate finance,The-Sustainable-Development-Goals-Report-2022.txt
Financial Support,climate finance,The-Sustainable-Development-Goals-Report-2022.txt
Financial Support,Climate Finance,The-Sustainable-Development-Goals-Report-2022.txt
Financial Support,development aid,The-Sustainable-Development-Goals-Report-2022.txt
SDG Goal,Goal 1,The-Sustainable-Development-Goals-Report-2023_0.txt
SDG Goal,Goal 2,The-Sustainable-Development-Goals-Report-2023_0.txt
SDG Goal,Goal 3,The-Sustainable-Development-Goals-Report-2023_0.txt
SDG Goal,Goal 4,The-Sustainable-Development-Goals-Report-2023_0.txt
SDG Goal,Goal 5,The-Sustainable-Development-Goals-Report-2023_0.txt
SDG Goal,Goal 6,The-Sustainable-Development-Goals-Report-2023_0.txt
SDG Goal,Goal 7,The-Sustainable-Development-Goals-Report-2023_0.txt
SDG Goal,Goal 8,The-Sustainable-Development-Goals-Report-2023_0.txt
SDG Goal,Goal 9,The-Sustainable-Development-Goals-Report-2023_0.txt
SDG Goal,Goal 10,The-Sustainable-Development-Goals-Report-2023_0.txt
SDG Goal,Goal 11,The-Sustainable-Development-Goals-Report-2023_0.txt
SDG Goal,Goal 12,The-Sustainable-Development-Goals-Report-2023_0.txt
SDG Goal,Goal 13,The-Sustainable-Development-Goals-Report-2023_0.txt
SDG Goal,Goal 14,The-Sustainable-Development-Goals-Report-2023_0.txt
SDG Goal,Goal 15,The-Sustainable-Development-Goals-Report-2023_0.txt
SDG Goal,Goal 16,The-Sustainable-Development-Goals-Report-2023_0.txt
SDG Goal,Goal 17,The-Sustainable-Development-Goals-Report-2023_0.txt
SDG Goal,Goal 13,The-Sustainable-Development-Goals-Report-2023_0.txt
SDG Goal,Goal 5,The-Sustainable-Development-Goals-Report-2023_0.txt
SDG Goal,Goal 16,The-Sustainable-Development-Goals-Report-2023_0.txt
SDG Goal,Goal 16,The-Sustainable-Development-Goals-Report-2023_0.txt
SDG Goal,Goal 1,The-Sustainable-Development-Goals-Report-2023_0.txt
SDG Goal,Goal 2,The-Sustainable-Development-Goals-Report-2023_0.txt
SDG Goal,Goal 3,The-Sustainable-Development-Goals-Report-2023_0.txt
SDG Goal,Goal 3,The-Sustainable-Development-Goals-Report-2023_0.txt
SDG Goal,Goal 3,The-Sustainable-Development-Goals-Report-2023_0.txt
SDG Goal,Goal 4,The-Sustainable-Development-Goals-Report-2023_0.txt
SDG Goal,Goal 4,The-Sustainable-Development-Goals-Report-2023_0.txt
SDG Goal,Goal 4,The-Sustainable-Development-Goals-Report-2023_0.txt
SDG Goal,Goal 4,The-Sustainable-Development-Goals-Report-2023_0.txt
SDG Goal,Goal 4,The-Sustainable-Development-Goals-Report-2023_0.txt
SDG Goal,Goal 5,The-Sustainable-Development-Goals-Report-2023_0.txt
SDG Goal,Goal 5,The-Sustainable-Development-Goals-Report-2023_0.txt
SDG Goal,Goal 5,The-Sustainable-Development-Goals-Report-2023_0.txt
SDG Goal,Goal 6,The-Sustainable-Development-Goals-Report-2023_0.txt
SDG Goal,Goal 6,The-Sustainable-Development-Goals-Report-2023_0.txt
SDG Goal,Goal 7,The-Sustainable-Development-Goals-Report-2023_0.txt
SDG Goal,Goal 7,The-Sustainable-Development-Goals-Report-2023_0.txt
SDG Goal,Goal 8,The-Sustainable-Development-Goals-Report-2023_0.txt
SDG Goal,Goal 8,The-Sustainable-Development-Goals-Report-2023_0.txt
SDG Goal,Goal 9,The-Sustainable-Development-Goals-Report-2023_0.txt
SDG Goal,Goal 9,The-Sustainable-Development-Goals-Report-2023_0.txt
SDG Goal,Goal 10,The-Sustainable-Development-Goals-Report-2023_0.txt
SDG Goal,Goal 11,The-Sustainable-Development-Goals-Report-2023_0.txt
SDG Goal,Goal 11,The-Sustainable-Development-Goals-Report-2023_0.txt
SDG Goal,Goal 12,The-Sustainable-Development-Goals-Report-2023_0.txt
SDG Goal,Goal 13,The-Sustainable-Development-Goals-Report-2023_0.txt
SDG Goal,Goal 14,The-Sustainable-Development-Goals-Report-2023_0.txt
SDG Goal,Goal 14,The-Sustainable-Development-Goals-Report-2023_0.txt
SDG Goal,Goal 15,The-Sustainable-Development-Goals-Report-2023_0.txt
SDG Goal,Goal 15,The-Sustainable-Development-Goals-Report-2023_0.txt
SDG Goal,Goal 15,The-Sustainable-Development-Goals-Report-2023_0.txt
SDG Goal,Goal 16,The-Sustainable-Development-Goals-Report-2023_0.txt
SDG Goal,Goal 16,The-Sustainable-Development-Goals-Report-2023_0.txt
SDG Goal,Goal 17,The-Sustainable-Development-Goals-Report-2023_0.txt
SDG Goal,Goal 4,The-Sustainable-Development-Goals-Report-2023_0.txt
SDG Goal,goal 5,The-Sustainable-Development-Goals-Report-2023_0.txt
SDG Goal,Goal 1,The-Sustainable-Development-Goals-Report-2023_0.txt
SDG Goal,Goal 2,The-Sustainable-Development-Goals-Report-2023_0.txt
SDG Goal,Goal 3,The-Sustainable-Development-Goals-Report-2023_0.txt
SDG Goal,Goal 4,The-Sustainable-Development-Goals-Report-2023_0.txt
SDG Goal,Goal 5,The-Sustainable-Development-Goals-Report-2023_0.txt
SDG Goal,Goal 6,The-Sustainable-Development-Goals-Report-2023_0.txt
SDG Goal,Goal 7,The-Sustainable-Development-Goals-Report-2023_0.txt
SDG Goal,Goal 8,The-Sustainable-Development-Goals-Report-2023_0.txt
SDG Goal,Goal 9,The-Sustainable-Development-Goals-Report-2023_0.txt
SDG Goal,Goal 10,The-Sustainable-Development-Goals-Report-2023_0.txt
SDG Goal,Goal 11,The-Sustainable-Development-Goals-Report-2023_0.txt
SDG Goal,Goal 12,The-Sustainable-Development-Goals-Report-2023_0.txt
SDG Goal,Goal 13,The-Sustainable-Development-Goals-Report-2023_0.txt
SDG Goal,Goal 14,The-Sustainable-Development-Goals-Report-2023_0.txt
SDG Goal,Goal 15,The-Sustainable-Development-Goals-Report-2023_0.txt
SDG Goal,Goal 16,The-Sustainable-Development-Goals-Report-2023_0.txt
SDG Goal,Goal 17,The-Sustainable-Development-Goals-Report-2023_0.txt
SDG Target,target 6.5,The-Sustainable-Development-Goals-Report-2023_0.txt
Global Agreement,2030 Agenda,The-Sustainable-Development-Goals-Report-2023_0.txt
Global Agreement,2030 Agenda,The-Sustainable-Development-Goals-Report-2023_0.txt
Global Agreement,2030 Agenda,The-Sustainable-Development-Goals-Report-2023_0.txt
Global Agreement,2030 Agenda,The-Sustainable-Development-Goals-Report-2023_0.txt
Global Agreement,Paris Agreement,The-Sustainable-Development-Goals-Report-2023_0.txt
Global Agreement,Addis Ababa Action Agenda,The-Sustainable-Development-Goals-Report-2023_0.txt
Global Agreement,2030 Agenda,The-Sustainable-Development-Goals-Report-2023_0.txt
Global Agreement,2030 Agenda,The-Sustainable-Development-Goals-Report-2023_0.txt
Global Agreement,2030 Agenda,The-Sustainable-Development-Goals-Report-2023_0.txt
Global Agreement,2030 Agenda,The-Sustainable-Development-Goals-Report-2023_0.txt
Global Agreement,2030 Agenda,The-Sustainable-Development-Goals-Report-2023_0.txt
Global Agreement,2030 Agenda,The-Sustainable-Development-Goals-Report-2023_0.txt
Global Agreement,2030 Agenda,The-Sustainable-Development-Goals-Report-2023_0.txt
Global Agreement,Sendai Framework,The-Sustainable-Development-Goals-Report-2023_0.txt
Global Agreement,Paris Agreement,The-Sustainable-Development-Goals-Report-2023_0.txt
Global Agreement,Paris Agreement,The-Sustainable-Development-Goals-Report-2023_0.txt
Global Agreement,Paris Agreement,The-Sustainable-Development-Goals-Report-2023_0.txt
Global Agreement,2030 Agenda,The-Sustainable-Development-Goals-Report-2023_0.txt
Global Agreement,2030 Agenda,The-Sustainable-Development-Goals-Report-2023_0.txt
Global Agreement,2030 Agenda,The-Sustainable-Development-Goals-Report-2023_0.txt
Global Agreement,Paris Agreement,The-Sustainable-Development-Goals-Report-2023_0.txt
Global Agreement,Paris Agreement,The-Sustainable-Development-Goals-Report-2023_0.txt
Global Agreement,2030 Agenda,The-Sustainable-Development-Goals-Report-2023_0.txt
Global Agreement,2030 Agenda,The-Sustainable-Development-Goals-Report-2023_0.txt
Global Agreement,2030 Agenda,The-Sustainable-Development-Goals-Report-2023_0.txt
Global Agreement,Sendai Framework,The-Sustainable-Development-Goals-Report-2023_0.txt
Global Agreement,Addis Ababa Action Agenda,The-Sustainable-Development-Goals-Report-2023_0.txt
Global Agreement,2030 Agenda,The-Sustainable-Development-Goals-Report-2023_0.txt
Climate Metrics,greenhouse gas emissions,The-Sustainable-Development-Goals-Report-2023_0.txt
Climate Metrics,climate-resilient,The-Sustainable-Development-Goals-Report-2023_0.txt
Climate Metrics,climate-resilient,The-Sustainable-Development-Goals-Report-2023_0.txt
Climate Metrics,climate-resilient,The-Sustainable-Development-Goals-Report-2023_0.txt
Climate Metrics,net-zero emissions,The-Sustainable-Development-Goals-Report-2023_0.txt
Climate Metrics,climate-resilient,The-Sustainable-Development-Goals-Report-2023_0.txt
Climate Metrics,greenhouse gas emissions,The-Sustainable-Development-Goals-Report-2023_0.txt
Climate Metrics,greenhouse gas emissions,The-Sustainable-Development-Goals-Report-2023_0.txt
Climate Metrics,greenhouse gas emissions,The-Sustainable-Development-Goals-Report-2023_0.txt
Climate Metrics,1.5Â°C target,The-Sustainable-Development-Goals-Report-2023_0.txt
Poverty,extreme poverty,The-Sustainable-Development-Goals-Report-2023_0.txt
Poverty,extreme poverty,The-Sustainable-Development-Goals-Report-2023_0.txt
Poverty,Extreme poverty,The-Sustainable-Development-Goals-Report-2023_0.txt
Poverty,extreme poverty,The-Sustainable-Development-Goals-Report-2023_0.txt
Poverty,Extreme poverty,The-Sustainable-Development-Goals-Report-2023_0.txt
Poverty,extreme poverty,The-Sustainable-Development-Goals-Report-2023_0.txt
Poverty,extreme poverty,The-Sustainable-Development-Goals-Report-2023_0.txt
Poverty,extreme poverty,The-Sustainable-Development-Goals-Report-2023_0.txt
Poverty,poverty line,The-Sustainable-Development-Goals-Report-2023_0.txt
Poverty,extreme poverty,The-Sustainable-Development-Goals-Report-2023_0.txt
Poverty,extreme poverty,The-Sustainable-Development-Goals-Report-2023_0.txt
Poverty,social protection coverage,The-Sustainable-Development-Goals-Report-2023_0.txt
Poverty,social protection coverage,The-Sustainable-Development-Goals-Report-2023_0.txt
Poverty,extreme poverty,The-Sustainable-Development-Goals-Report-2023_0.txt
Poverty,extreme poverty,The-Sustainable-Development-Goals-Report-2023_0.txt
Education,School completion rate,The-Sustainable-Development-Goals-Report-2023_0.txt
Gender Equality,gender parity,The-Sustainable-Development-Goals-Report-2023_0.txt
Gender Equality,gender parity,The-Sustainable-Development-Goals-Report-2023_0.txt
Gender Equality,gender parity,The-Sustainable-Development-Goals-Report-2023_0.txt
Gender Equality,gender parity,The-Sustainable-Development-Goals-Report-2023_0.txt
Gender Equality,Gender parity,The-Sustainable-Development-Goals-Report-2023_0.txt
Gender Equality,gender parity,The-Sustainable-Development-Goals-Report-2023_0.txt
Progress Status,On track,The-Sustainable-Development-Goals-Report-2023_0.txt
Progress Status,on track,The-Sustainable-Development-Goals-Report-2023_0.txt
Progress Status,No data,The-Sustainable-Development-Goals-Report-2023_0.txt
Progress Status,on track,The-Sustainable-Development-Goals-Report-2023_0.txt
Progress Status,on track,The-Sustainable-Development-Goals-Report-2023_0.txt
Progress Status,minimal progress,The-Sustainable-Development-Goals-Report-2023_0.txt
Progress Status,on track,The-Sustainable-Development-Goals-Report-2023_0.txt
Progress Status,on track,The-Sustainable-Development-Goals-Report-2023_0.txt
Progress Status,on track,The-Sustainable-Development-Goals-Report-2023_0.txt
Progress Status,on track,The-Sustainable-Development-Goals-Report-2023_0.txt
Progress Status,on track,The-Sustainable-Development-Goals-Report-2023_0.txt
Progress Status,on track,The-Sustainable-Development-Goals-Report-2023_0.txt
Progress Status,on track,The-Sustainable-Development-Goals-Report-2023_0.txt
Action and Impact,child mortality,The-Sustainable-Development-Goals-Report-2023_0.txt
Action and Impact,urgent action,The-Sustainable-Development-Goals-Report-2023_0.txt
Action and Impact,urgent action,The-Sustainable-Development-Goals-Report-2023_0.txt
Action and Impact,child mortality,The-Sustainable-Development-Goals-Report-2023_0.txt
Action and Impact,child mortality,The-Sustainable-Development-Goals-Report-2023_0.txt
Action and Impact,child mortality,The-Sustainable-Development-Goals-Report-2023_0.txt
Action and Impact,urgent action,The-Sustainable-Development-Goals-Report-2023_0.txt
Action and Impact,Urgent action,The-Sustainable-Development-Goals-Report-2023_0.txt
Action and Impact,urgent action,The-Sustainable-Development-Goals-Report-2023_0.txt
Action and Impact,Urgent action,The-Sustainable-Development-Goals-Report-2023_0.txt
Action and Impact,urgent action,The-Sustainable-Development-Goals-Report-2023_0.txt
Action and Impact,urgent action,The-Sustainable-Development-Goals-Report-2023_0.txt
Action and Impact,urgent action,The-Sustainable-Development-Goals-Report-2023_0.txt
Data and Monitoring,data gaps,The-Sustainable-Development-Goals-Report-2023_0.txt
Data and Monitoring,data gaps,The-Sustainable-Development-Goals-Report-2023_0.txt
Data and Monitoring,data gaps,The-Sustainable-Development-Goals-Report-2023_0.txt
Data and Monitoring,disaggregated data,The-Sustainable-Development-Goals-Report-2023_0.txt
Data and Monitoring,disaggregated data,The-Sustainable-Development-Goals-Report-2023_0.txt
Biodiversity and Ecosystems,biodiversity loss,The-Sustainable-Development-Goals-Report-2023_0.txt
Biodiversity and Ecosystems,biodiversity loss,The-Sustainable-Development-Goals-Report-2023_0.txt
Biodiversity and Ecosystems,biodiversity loss,The-Sustainable-Development-Goals-Report-2023_0.txt
Biodiversity and Ecosystems,biodiversity loss,The-Sustainable-Development-Goals-Report-2023_0.txt
Biodiversity and Ecosystems,biodiversity loss,The-Sustainable-Development-Goals-Report-2023_0.txt
Biodiversity and Ecosystems,biodiversity loss,The-Sustainable-Development-Goals-Report-2023_0.txt
Biodiversity and Ecosystems,biodiversity loss,The-Sustainable-Development-Goals-Report-2023_0.txt
Biodiversity and Ecosystems,biodiversity loss,The-Sustainable-Development-Goals-Report-2023_0.txt
Marine and Water Issues,Life below water,The-Sustainable-Development-Goals-Report-2023_0.txt
Marine and Water Issues,water stress,The-Sustainable-Development-Goals-Report-2023_0.txt
Marine and Water Issues,water stress,The-Sustainable-Development-Goals-Report-2023_0.txt
Marine and Water Issues,water stress,The-Sustainable-Development-Goals-Report-2023_0.txt
Marine and Water Issues,water stress,The-Sustainable-Development-Goals-Report-2023_0.txt
Marine and Water Issues,water stress,The-Sustainable-Development-Goals-Report-2023_0.txt
Marine and Water Issues,water stress,The-Sustainable-Development-Goals-Report-2023_0.txt
Marine and Water Issues,water stress,The-Sustainable-Development-Goals-Report-2023_0.txt
Marine and Water Issues,Life below water,The-Sustainable-Development-Goals-Report-2023_0.txt
Marine and Water Issues,ocean acidification,The-Sustainable-Development-Goals-Report-2023_0.txt
Marine and Water Issues,ocean acidification,The-Sustainable-Development-Goals-Report-2023_0.txt
Marine and Water Issues,Ocean acidification,The-Sustainable-Development-Goals-Report-2023_0.txt
Marine and Water Issues,Life below water,The-Sustainable-Development-Goals-Report-2023_0.txt
Marine and Water Issues,ocean acidification,The-Sustainable-Development-Goals-Report-2023_0.txt
Marine and Water Issues,Life below water,The-Sustainable-Development-Goals-Report-2023_0.txt
Energy Transition,energy efficiency,The-Sustainable-Development-Goals-Report-2023_0.txt
Energy Transition,energy efficiency,The-Sustainable-Development-Goals-Report-2023_0.txt
Energy Transition,energy efficiency,The-Sustainable-Development-Goals-Report-2023_0.txt
Energy Transition,energy efficiency,The-Sustainable-Development-Goals-Report-2023_0.txt
Energy Transition,energy efficiency,The-Sustainable-Development-Goals-Report-2023_0.txt
Energy Transition,Energy efficiency,The-Sustainable-Development-Goals-Report-2023_0.txt
Work and Employment,Decent work,The-Sustainable-Development-Goals-Report-2023_0.txt
Work and Employment,Decent work,The-Sustainable-Development-Goals-Report-2023_0.txt
Work and Employment,unemployment rate,The-Sustainable-Development-Goals-Report-2023_0.txt
Work and Employment,decent work,The-Sustainable-Development-Goals-Report-2023_0.txt
Work and Employment,unemployment rate,The-Sustainable-Development-Goals-Report-2023_0.txt
Work and Employment,unemployment rate,The-Sustainable-Development-Goals-Report-2023_0.txt
Work and Employment,labour market,The-Sustainable-Development-Goals-Report-2023_0.txt
Work and Employment,Unemployment rate,The-Sustainable-Development-Goals-Report-2023_0.txt
Work and Employment,Decent work,The-Sustainable-Development-Goals-Report-2023_0.txt
Work and Employment,labour market,The-Sustainable-Development-Goals-Report-2023_0.txt
Work and Employment,decent work,The-Sustainable-Development-Goals-Report-2023_0.txt
Work and Employment,unemployment rate,The-Sustainable-Development-Goals-Report-2023_0.txt
Work and Employment,Decent work,The-Sustainable-Development-Goals-Report-2023_0.txt
Inequalities,Reduced inequalities,The-Sustainable-Development-Goals-Report-2023_0.txt
Inequalities,Reduced inequalities,The-Sustainable-Development-Goals-Report-2023_0.txt
Inequalities,Reduced inequalities,The-Sustainable-Development-Goals-Report-2023_0.txt
Inequalities,Reduced inequalities,The-Sustainable-Development-Goals-Report-2023_0.txt
Health Metrics,universal health coverage,The-Sustainable-Development-Goals-Report-2023_0.txt
Health Metrics,disease burden,The-Sustainable-Development-Goals-Report-2023_0.txt
Health Metrics,universal health coverage,The-Sustainable-Development-Goals-Report-2023_0.txt
Health Metrics,Universal health coverage,The-Sustainable-Development-Goals-Report-2023_0.txt
Health Metrics,disease burden,The-Sustainable-Development-Goals-Report-2023_0.txt
Health Metrics,universal health coverage,The-Sustainable-Development-Goals-Report-2023_0.txt
Data Gaps,Insufficient data,The-Sustainable-Development-Goals-Report-2023_0.txt
Data Gaps,insufficient data,The-Sustainable-Development-Goals-Report-2023_0.txt
Data Gaps,monitoring gaps,The-Sustainable-Development-Goals-Report-2023_0.txt
Data Gaps,Insufficient data,The-Sustainable-Development-Goals-Report-2023_0.txt
Financial Support,Climate finance,The-Sustainable-Development-Goals-Report-2023_0.txt
Financial Support,debt relief,The-Sustainable-Development-Goals-Report-2023_0.txt
Financial Support,climate finance,The-Sustainable-Development-Goals-Report-2023_0.txt
Financial Support,Climate finance,The-Sustainable-Development-Goals-Report-2023_0.txt
Financial Support,climate finance,The-Sustainable-Development-Goals-Report-2023_0.txt
Financial Support,climate finance,The-Sustainable-Development-Goals-Report-2023_0.txt
Financial Support,climate finance,The-Sustainable-Development-Goals-Report-2023_0.txt
Financial Support,climate finance,The-Sustainable-Development-Goals-Report-2023_0.txt
Financial Support,climate finance,The-Sustainable-Development-Goals-Report-2023_0.txt
Financial Support,climate finance,The-Sustainable-Development-Goals-Report-2023_0.txt
Financial Support,Climate Finance,The-Sustainable-Development-Goals-Report-2023_0.txt
Financial Support,debt relief,The-Sustainable-Development-Goals-Report-2023_0.txt
Financial Support,climate finance,The-Sustainable-Development-Goals-Report-2023_0.txt
Action and Transformation,transformative action,The-Sustainable-Development-Goals-Report-2023_0.txt
Action and Transformation,transformative action,The-Sustainable-Development-Goals-Report-2023_0.txt
Action and Transformation,transformative action,The-Sustainable-Development-Goals-Report-2023_0.txt
Action and Transformation,transformative action,The-Sustainable-Development-Goals-Report-2023_0.txt
SDG Goal,Goal 1,The-Sustainable-Development-Goals-Report-2024.txt
SDG Goal,Goal 2,The-Sustainable-Development-Goals-Report-2024.txt
SDG Goal,Goal 3,The-Sustainable-Development-Goals-Report-2024.txt
SDG Goal,Goal 4,The-Sustainable-Development-Goals-Report-2024.txt
SDG Goal,Goal 5,The-Sustainable-Development-Goals-Report-2024.txt
SDG Goal,Goal 6,The-Sustainable-Development-Goals-Report-2024.txt
SDG Goal,Goal 7,The-Sustainable-Development-Goals-Report-2024.txt
SDG Goal,Goal 8,The-Sustainable-Development-Goals-Report-2024.txt
SDG Goal,Goal 9,The-Sustainable-Development-Goals-Report-2024.txt
SDG Goal,Goal 10,The-Sustainable-Development-Goals-Report-2024.txt
SDG Goal,Goal 11,The-Sustainable-Development-Goals-Report-2024.txt
SDG Goal,Goal 12,The-Sustainable-Development-Goals-Report-2024.txt
SDG Goal,Goal 13,The-Sustainable-Development-Goals-Report-2024.txt
SDG Goal,Goal 14,The-Sustainable-Development-Goals-Report-2024.txt
SDG Goal,Goal 15,The-Sustainable-Development-Goals-Report-2024.txt
SDG Goal,Goal 16,The-Sustainable-Development-Goals-Report-2024.txt
SDG Goal,Goal 17,The-Sustainable-Development-Goals-Report-2024.txt
SDG Goal,Goal 1,The-Sustainable-Development-Goals-Report-2024.txt
SDG Goal,Goal 2,The-Sustainable-Development-Goals-Report-2024.txt
SDG Goal,Goal 3,The-Sustainable-Development-Goals-Report-2024.txt
SDG Goal,Goal 4,The-Sustainable-Development-Goals-Report-2024.txt
SDG Goal,Goal 5,The-Sustainable-Development-Goals-Report-2024.txt
SDG Goal,Goal 6,The-Sustainable-Development-Goals-Report-2024.txt
SDG Goal,Goal 7,The-Sustainable-Development-Goals-Report-2024.txt
SDG Goal,Goal 8,The-Sustainable-Development-Goals-Report-2024.txt
SDG Goal,Goal 9,The-Sustainable-Development-Goals-Report-2024.txt
SDG Goal,Goal 10,The-Sustainable-Development-Goals-Report-2024.txt
SDG Goal,Goal 11,The-Sustainable-Development-Goals-Report-2024.txt
SDG Goal,Goal 12,The-Sustainable-Development-Goals-Report-2024.txt
SDG Goal,Goal 13,The-Sustainable-Development-Goals-Report-2024.txt
SDG Goal,Goal 14,The-Sustainable-Development-Goals-Report-2024.txt
SDG Goal,Goal 15,The-Sustainable-Development-Goals-Report-2024.txt
SDG Goal,Goal 16,The-Sustainable-Development-Goals-Report-2024.txt
SDG Goal,Goal 17,The-Sustainable-Development-Goals-Report-2024.txt
SDG Goal,Goal 5,The-Sustainable-Development-Goals-Report-2024.txt
SDG Goal,Goal 13,The-Sustainable-Development-Goals-Report-2024.txt
SDG Goal,Goal 16,The-Sustainable-Development-Goals-Report-2024.txt
SDG Goal,Goal 1,The-Sustainable-Development-Goals-Report-2024.txt
SDG Goal,Goal 2,The-Sustainable-Development-Goals-Report-2024.txt
SDG Goal,Goal 2,The-Sustainable-Development-Goals-Report-2024.txt
SDG Goal,Goal 3,The-Sustainable-Development-Goals-Report-2024.txt
SDG Goal,Goal 3,The-Sustainable-Development-Goals-Report-2024.txt
SDG Goal,Goal 3,The-Sustainable-Development-Goals-Report-2024.txt
SDG Goal,Goal 4,The-Sustainable-Development-Goals-Report-2024.txt
SDG Goal,Goal 4,The-Sustainable-Development-Goals-Report-2024.txt
SDG Goal,Goal 4,The-Sustainable-Development-Goals-Report-2024.txt
SDG Goal,Goal 5,The-Sustainable-Development-Goals-Report-2024.txt
SDG Goal,Goal 6,The-Sustainable-Development-Goals-Report-2024.txt
SDG Goal,Goal 7,The-Sustainable-Development-Goals-Report-2024.txt
SDG Goal,Goal 7,The-Sustainable-Development-Goals-Report-2024.txt
SDG Goal,Goal 7,The-Sustainable-Development-Goals-Report-2024.txt
SDG Goal,Goal 7,The-Sustainable-Development-Goals-Report-2024.txt
SDG Goal,Goal 8,The-Sustainable-Development-Goals-Report-2024.txt
SDG Goal,Goal 8,The-Sustainable-Development-Goals-Report-2024.txt
SDG Goal,Goal 9,The-Sustainable-Development-Goals-Report-2024.txt
SDG Goal,Goal 9,The-Sustainable-Development-Goals-Report-2024.txt
SDG Goal,Goal 10,The-Sustainable-Development-Goals-Report-2024.txt
SDG Goal,Goal 11,The-Sustainable-Development-Goals-Report-2024.txt
SDG Goal,Goal 12,The-Sustainable-Development-Goals-Report-2024.txt
SDG Goal,Goal 12,The-Sustainable-Development-Goals-Report-2024.txt
SDG Goal,Goal 13,The-Sustainable-Development-Goals-Report-2024.txt
SDG Goal,Goal 14,The-Sustainable-Development-Goals-Report-2024.txt
SDG Goal,Goal 15,The-Sustainable-Development-Goals-Report-2024.txt
SDG Goal,Goal 16,The-Sustainable-Development-Goals-Report-2024.txt
SDG Goal,Goal 17,The-Sustainable-Development-Goals-Report-2024.txt
SDG Target,"target
1.1",The-Sustainable-Development-Goals-Report-2024.txt
SDG Indicator,indicator 15.4.1,The-Sustainable-Development-Goals-Report-2024.txt
SDG Indicator,indicator 9.1.1,The-Sustainable-Development-Goals-Report-2024.txt
SDG Indicator,indicator 14.1.1,The-Sustainable-Development-Goals-Report-2024.txt
SDG Indicator,indicator 11.6.2,The-Sustainable-Development-Goals-Report-2024.txt
SDG Indicator,Indicator 15.4.2,The-Sustainable-Development-Goals-Report-2024.txt
Global Agreement,2030 Agenda,The-Sustainable-Development-Goals-Report-2024.txt
Global Agreement,2030 Agenda,The-Sustainable-Development-Goals-Report-2024.txt
Global Agreement,Paris Agreement,The-Sustainable-Development-Goals-Report-2024.txt
Global Agreement,2030 Agenda,The-Sustainable-Development-Goals-Report-2024.txt
Global Agreement,2030 Agenda,The-Sustainable-Development-Goals-Report-2024.txt
Global Agreement,2030 Agenda,The-Sustainable-Development-Goals-Report-2024.txt
Global Agreement,2030 Agenda,The-Sustainable-Development-Goals-Report-2024.txt
Global Agreement,2030 Agenda,The-Sustainable-Development-Goals-Report-2024.txt
Global Agreement,2030 Agenda,The-Sustainable-Development-Goals-Report-2024.txt
Global Agreement,Sendai Framework,The-Sustainable-Development-Goals-Report-2024.txt
Climate Metrics,greenhouse gas emissions,The-Sustainable-Development-Goals-Report-2024.txt
Climate Metrics,greenhouse gas emissions,The-Sustainable-Development-Goals-Report-2024.txt
Climate Metrics,greenhouse gas emissions,The-Sustainable-Development-Goals-Report-2024.txt
Climate Metrics,greenhouse gas emissions,The-Sustainable-Development-Goals-Report-2024.txt
Climate Metrics,greenhouse gas emissions,The-Sustainable-Development-Goals-Report-2024.txt
Climate Metrics,greenhouse gas emissions,The-Sustainable-Development-Goals-Report-2024.txt
Climate Metrics,greenhouse gas emissions,The-Sustainable-Development-Goals-Report-2024.txt
Poverty,extreme poverty,The-Sustainable-Development-Goals-Report-2024.txt
Poverty,extreme poverty,The-Sustainable-Development-Goals-Report-2024.txt
Poverty,extreme poverty,The-Sustainable-Development-Goals-Report-2024.txt
Poverty,extreme poverty,The-Sustainable-Development-Goals-Report-2024.txt
Poverty,Extreme poverty,The-Sustainable-Development-Goals-Report-2024.txt
Poverty,extreme poverty,The-Sustainable-Development-Goals-Report-2024.txt
Poverty,extreme poverty,The-Sustainable-Development-Goals-Report-2024.txt
Poverty,extreme poverty,The-Sustainable-Development-Goals-Report-2024.txt
Poverty,extreme poverty,The-Sustainable-Development-Goals-Report-2024.txt
Poverty,extreme poverty,The-Sustainable-Development-Goals-Report-2024.txt
Poverty,extreme poverty,The-Sustainable-Development-Goals-Report-2024.txt
Poverty,extreme poverty,The-Sustainable-Development-Goals-Report-2024.txt
Poverty,extreme poverty,The-Sustainable-Development-Goals-Report-2024.txt
Poverty,social protection coverage,The-Sustainable-Development-Goals-Report-2024.txt
Poverty,social protection coverage,The-Sustainable-Development-Goals-Report-2024.txt
Poverty,extreme poverty,The-Sustainable-Development-Goals-Report-2024.txt
Poverty,extreme poverty,The-Sustainable-Development-Goals-Report-2024.txt
Education,school completion rate,The-Sustainable-Development-Goals-Report-2024.txt
Education,school completion rate,The-Sustainable-Development-Goals-Report-2024.txt
Gender Equality,Women in leadership,The-Sustainable-Development-Goals-Report-2024.txt
Progress Status,on track,The-Sustainable-Development-Goals-Report-2024.txt
Progress Status,on track,The-Sustainable-Development-Goals-Report-2024.txt
Progress Status,On track,The-Sustainable-Development-Goals-Report-2024.txt
Progress Status,On track,The-Sustainable-Development-Goals-Report-2024.txt
Progress Status,on track,The-Sustainable-Development-Goals-Report-2024.txt
Progress Status,minimal progress,The-Sustainable-Development-Goals-Report-2024.txt
Progress Status,No data,The-Sustainable-Development-Goals-Report-2024.txt
Progress Status,on track,The-Sustainable-Development-Goals-Report-2024.txt
Progress Status,No data,The-Sustainable-Development-Goals-Report-2024.txt
Progress Status,No data,The-Sustainable-Development-Goals-Report-2024.txt
Progress Status,on track,The-Sustainable-Development-Goals-Report-2024.txt
Progress Status,On track,The-Sustainable-Development-Goals-Report-2024.txt
Action and Impact,child mortality,The-Sustainable-Development-Goals-Report-2024.txt
Action and Impact,economic loss,The-Sustainable-Development-Goals-Report-2024.txt
Action and Impact,economic loss,The-Sustainable-Development-Goals-Report-2024.txt
Action and Impact,economic loss,The-Sustainable-Development-Goals-Report-2024.txt
Action and Impact,economic loss,The-Sustainable-Development-Goals-Report-2024.txt
Action and Impact,economic loss,The-Sustainable-Development-Goals-Report-2024.txt
Action and Impact,economic loss,The-Sustainable-Development-Goals-Report-2024.txt
Action and Impact,urgent action,The-Sustainable-Development-Goals-Report-2024.txt
Action and Impact,economic loss,The-Sustainable-Development-Goals-Report-2024.txt
Action and Impact,Urgent action,The-Sustainable-Development-Goals-Report-2024.txt
Action and Impact,Urgent action,The-Sustainable-Development-Goals-Report-2024.txt
Action and Impact,Child mortality,The-Sustainable-Development-Goals-Report-2024.txt
Data and Monitoring,disaggregated data,The-Sustainable-Development-Goals-Report-2024.txt
Data and Monitoring,disaggregated data,The-Sustainable-Development-Goals-Report-2024.txt
Data and Monitoring,disaggregated data,The-Sustainable-Development-Goals-Report-2024.txt
Data and Monitoring,disaggregated data,The-Sustainable-Development-Goals-Report-2024.txt
Data and Monitoring,data gaps,The-Sustainable-Development-Goals-Report-2024.txt
Data and Monitoring,data gaps,The-Sustainable-Development-Goals-Report-2024.txt
Data and Monitoring,National monitoring,The-Sustainable-Development-Goals-Report-2024.txt
Data and Monitoring,disaggregated data,The-Sustainable-Development-Goals-Report-2024.txt
Data and Monitoring,disaggregated data,The-Sustainable-Development-Goals-Report-2024.txt
Biodiversity and Ecosystems,Biodiversity loss,The-Sustainable-Development-Goals-Report-2024.txt
Biodiversity and Ecosystems,biodiversity loss,The-Sustainable-Development-Goals-Report-2024.txt
Biodiversity and Ecosystems,biodiversity loss,The-Sustainable-Development-Goals-Report-2024.txt
Biodiversity and Ecosystems,biodiversity loss,The-Sustainable-Development-Goals-Report-2024.txt
Biodiversity and Ecosystems,biodiversity loss,The-Sustainable-Development-Goals-Report-2024.txt
Biodiversity and Ecosystems,ecosystem degradation,The-Sustainable-Development-Goals-Report-2024.txt
Marine and Water Issues,Life below water,The-Sustainable-Development-Goals-Report-2024.txt
Marine and Water Issues,water stress,The-Sustainable-Development-Goals-Report-2024.txt
Marine and Water Issues,water stress,The-Sustainable-Development-Goals-Report-2024.txt
Marine and Water Issues,water stress,The-Sustainable-Development-Goals-Report-2024.txt
Marine and Water Issues,water stress,The-Sustainable-Development-Goals-Report-2024.txt
Marine and Water Issues,water stress,The-Sustainable-Development-Goals-Report-2024.txt
Marine and Water Issues,Life below water,The-Sustainable-Development-Goals-Report-2024.txt
Marine and Water Issues,Life below water,The-Sustainable-Development-Goals-Report-2024.txt
Marine and Water Issues,Marine pollution,The-Sustainable-Development-Goals-Report-2024.txt
Marine and Water Issues,Ocean acidification,The-Sustainable-Development-Goals-Report-2024.txt
Energy Transition,energy efficiency,The-Sustainable-Development-Goals-Report-2024.txt
Energy Transition,energy efficiency,The-Sustainable-Development-Goals-Report-2024.txt
Energy Transition,energy efficiency,The-Sustainable-Development-Goals-Report-2024.txt
Energy Transition,energy efficiency,The-Sustainable-Development-Goals-Report-2024.txt
Energy Transition,energy efficiency,The-Sustainable-Development-Goals-Report-2024.txt
Energy Transition,Energy efficiency,The-Sustainable-Development-Goals-Report-2024.txt
Work and Employment,Decent work,The-Sustainable-Development-Goals-Report-2024.txt
Work and Employment,Decent work,The-Sustainable-Development-Goals-Report-2024.txt
Work and Employment,decent work,The-Sustainable-Development-Goals-Report-2024.txt
Work and Employment,unemployment rate,The-Sustainable-Development-Goals-Report-2024.txt
Work and Employment,unemployment rate,The-Sustainable-Development-Goals-Report-2024.txt
Work and Employment,Unemployment rate,The-Sustainable-Development-Goals-Report-2024.txt
Work and Employment,unemployment rate,The-Sustainable-Development-Goals-Report-2024.txt
Work and Employment,labour market,The-Sustainable-Development-Goals-Report-2024.txt
Work and Employment,decent work,The-Sustainable-Development-Goals-Report-2024.txt
Work and Employment,Decent work,The-Sustainable-Development-Goals-Report-2024.txt
Work and Employment,decent work,The-Sustainable-Development-Goals-Report-2024.txt
Inequalities,Reduced inequalities,The-Sustainable-Development-Goals-Report-2024.txt
Inequalities,social justice,The-Sustainable-Development-Goals-Report-2024.txt
Inequalities,social justice,The-Sustainable-Development-Goals-Report-2024.txt
Inequalities,social justice,The-Sustainable-Development-Goals-Report-2024.txt
Inequalities,social justice,The-Sustainable-Development-Goals-Report-2024.txt
Inequalities,Reduced inequalities,The-Sustainable-Development-Goals-Report-2024.txt
Inequalities,Reduced inequalities,The-Sustainable-Development-Goals-Report-2024.txt
Health Metrics,universal health coverage,The-Sustainable-Development-Goals-Report-2024.txt
Health Metrics,universal health coverage,The-Sustainable-Development-Goals-Report-2024.txt
Health Metrics,universal health coverage,The-Sustainable-Development-Goals-Report-2024.txt
Health Metrics,mental health,The-Sustainable-Development-Goals-Report-2024.txt
Progress and Performance,Performance Indicators,The-Sustainable-Development-Goals-Report-2024.txt
Progress and Performance,Performance Indicators,The-Sustainable-Development-Goals-Report-2024.txt
Data Gaps,Data availability,The-Sustainable-Development-Goals-Report-2024.txt
Data Gaps,data availability,The-Sustainable-Development-Goals-Report-2024.txt
Data Gaps,data availability,The-Sustainable-Development-Goals-Report-2024.txt
Data Gaps,data availability,The-Sustainable-Development-Goals-Report-2024.txt
Data Gaps,data availability,The-Sustainable-Development-Goals-Report-2024.txt
Data Gaps,insufficient data,The-Sustainable-Development-Goals-Report-2024.txt
Data Gaps,Insufficient data,The-Sustainable-Development-Goals-Report-2024.txt
Financial Support,climate finance,The-Sustainable-Development-Goals-Report-2024.txt
Financial Support,Climate finance,The-Sustainable-Development-Goals-Report-2024.txt
Financial Support,climate finance,The-Sustainable-Development-Goals-Report-2024.txt
Financial Support,climate finance,The-Sustainable-Development-Goals-Report-2024.txt
Financial Support,Climate finance,The-Sustainable-Development-Goals-Report-2024.txt
SDG Goal,Goal 1,the-sustainable-development-goals-report-2021.txt
SDG Goal,Goal 2,the-sustainable-development-goals-report-2021.txt
SDG Goal,Goal 3,the-sustainable-development-goals-report-2021.txt
SDG Goal,Goal 4,the-sustainable-development-goals-report-2021.txt
SDG Goal,Goal 5,the-sustainable-development-goals-report-2021.txt
SDG Goal,Goal 6,the-sustainable-development-goals-report-2021.txt
SDG Goal,Goal 7,the-sustainable-development-goals-report-2021.txt
SDG Goal,Goal 8,the-sustainable-development-goals-report-2021.txt
SDG Goal,Goal 9,the-sustainable-development-goals-report-2021.txt
SDG Goal,Goal 10,the-sustainable-development-goals-report-2021.txt
SDG Goal,Goal 11,the-sustainable-development-goals-report-2021.txt
SDG Goal,Goal 12,the-sustainable-development-goals-report-2021.txt
SDG Goal,Goal 13,the-sustainable-development-goals-report-2021.txt
SDG Goal,Goal 14,the-sustainable-development-goals-report-2021.txt
SDG Goal,Goal 15,the-sustainable-development-goals-report-2021.txt
SDG Goal,Goal 16,the-sustainable-development-goals-report-2021.txt
SDG Goal,Goal 17,the-sustainable-development-goals-report-2021.txt
SDG Goal,Goal 13,the-sustainable-development-goals-report-2021.txt
SDG Goal,Goal 1,the-sustainable-development-goals-report-2021.txt
SDG Goal,Goal 4,the-sustainable-development-goals-report-2021.txt
SDG Goal,Goal 11,the-sustainable-development-goals-report-2021.txt
SDG Goal,Goal 16,the-sustainable-development-goals-report-2021.txt
SDG Goal,Goal 12,the-sustainable-development-goals-report-2021.txt
SDG Goal,Goal 5,the-sustainable-development-goals-report-2021.txt
SDG Goal,Goal 1,the-sustainable-development-goals-report-2021.txt
SDG Goal,Goal 2,the-sustainable-development-goals-report-2021.txt
SDG Goal,Goal 3,the-sustainable-development-goals-report-2021.txt
SDG Goal,Goal 3,the-sustainable-development-goals-report-2021.txt
SDG Goal,Goal 4,the-sustainable-development-goals-report-2021.txt
SDG Goal,Goal 4,the-sustainable-development-goals-report-2021.txt
SDG Goal,Goal 5,the-sustainable-development-goals-report-2021.txt
SDG Goal,Goal 6,the-sustainable-development-goals-report-2021.txt
SDG Goal,Goal 6,the-sustainable-development-goals-report-2021.txt
SDG Goal,Goal 7,the-sustainable-development-goals-report-2021.txt
SDG Goal,Goal 8,the-sustainable-development-goals-report-2021.txt
SDG Goal,Goal 9,the-sustainable-development-goals-report-2021.txt
SDG Goal,Goal 9,the-sustainable-development-goals-report-2021.txt
SDG Goal,Goal 10,the-sustainable-development-goals-report-2021.txt
SDG Goal,Goal 11,the-sustainable-development-goals-report-2021.txt
SDG Goal,Goal 12,the-sustainable-development-goals-report-2021.txt
SDG Goal,Goal 13,the-sustainable-development-goals-report-2021.txt
SDG Goal,Goal 14,the-sustainable-development-goals-report-2021.txt
SDG Goal,Goal 14,the-sustainable-development-goals-report-2021.txt
SDG Goal,Goal 15,the-sustainable-development-goals-report-2021.txt
SDG Goal,Goal 16,the-sustainable-development-goals-report-2021.txt
SDG Goal,Goal 17,the-sustainable-development-goals-report-2021.txt
Global Agreement,2030 Agenda,the-sustainable-development-goals-report-2021.txt
Global Agreement,Paris Agreement,the-sustainable-development-goals-report-2021.txt
Global Agreement,2030 Agenda,the-sustainable-development-goals-report-2021.txt
Global Agreement,2030 Agenda,the-sustainable-development-goals-report-2021.txt
Global Agreement,2030 Agenda,the-sustainable-development-goals-report-2021.txt
Global Agreement,Paris Agreement,the-sustainable-development-goals-report-2021.txt
Global Agreement,2030 Agenda,the-sustainable-development-goals-report-2021.txt
Global Agreement,Paris Agreement,the-sustainable-development-goals-report-2021.txt
Global Agreement,Sendai Framework,the-sustainable-development-goals-report-2021.txt
Global Agreement,Sendai Framework,the-sustainable-development-goals-report-2021.txt
Global Agreement,2030 Agenda,the-sustainable-development-goals-report-2021.txt
Global Agreement,Paris Agreement,the-sustainable-development-goals-report-2021.txt
Global Agreement,2030 Agenda,the-sustainable-development-goals-report-2021.txt
Global Agreement,Paris Agreement,the-sustainable-development-goals-report-2021.txt
Global Agreement,Paris Agreement,the-sustainable-development-goals-report-2021.txt
Global Agreement,Paris Agreement,the-sustainable-development-goals-report-2021.txt
Global Agreement,Paris Agreement,the-sustainable-development-goals-report-2021.txt
Climate Metrics,greenhouse gas emissions,the-sustainable-development-goals-report-2021.txt
Climate Metrics,Greenhouse gas emissions,the-sustainable-development-goals-report-2021.txt
Climate Metrics,net-zero emissions,the-sustainable-development-goals-report-2021.txt
Climate Metrics,greenhouse gas emissions,the-sustainable-development-goals-report-2021.txt
Climate Metrics,climate-resilient,the-sustainable-development-goals-report-2021.txt
Poverty,social protection coverage,the-sustainable-development-goals-report-2021.txt
Poverty,extreme poverty,the-sustainable-development-goals-report-2021.txt
Poverty,extreme poverty,the-sustainable-development-goals-report-2021.txt
Poverty,extreme poverty,the-sustainable-development-goals-report-2021.txt
Poverty,extreme poverty,the-sustainable-development-goals-report-2021.txt
Poverty,extreme poverty,the-sustainable-development-goals-report-2021.txt
Poverty,extreme poverty,the-sustainable-development-goals-report-2021.txt
Poverty,extreme poverty,the-sustainable-development-goals-report-2021.txt
Poverty,extreme poverty,the-sustainable-development-goals-report-2021.txt
Poverty,extreme poverty,the-sustainable-development-goals-report-2021.txt
Poverty,extreme poverty,the-sustainable-development-goals-report-2021.txt
Poverty,extreme poverty,the-sustainable-development-goals-report-2021.txt
Poverty,poverty line,the-sustainable-development-goals-report-2021.txt
Poverty,social protection coverage,the-sustainable-development-goals-report-2021.txt
Poverty,social protection coverage,the-sustainable-development-goals-report-2021.txt
Poverty,social protection coverage,the-sustainable-development-goals-report-2021.txt
Poverty,social protection coverage,the-sustainable-development-goals-report-2021.txt
Education,School completion rate,the-sustainable-development-goals-report-2021.txt
Education,school completion rate,the-sustainable-development-goals-report-2021.txt
Education,school completion rate,the-sustainable-development-goals-report-2021.txt
Gender Equality,gender parity,the-sustainable-development-goals-report-2021.txt
Gender Equality,gender parity,the-sustainable-development-goals-report-2021.txt
Gender Equality,gender parity,the-sustainable-development-goals-report-2021.txt
Gender Equality,Gender parity,the-sustainable-development-goals-report-2021.txt
Gender Equality,gender parity,the-sustainable-development-goals-report-2021.txt
Progress Status,on track,the-sustainable-development-goals-report-2021.txt
Progress Status,on track,the-sustainable-development-goals-report-2021.txt
Progress Status,on track,the-sustainable-development-goals-report-2021.txt
Progress Status,on track,the-sustainable-development-goals-report-2021.txt
Progress Status,on track,the-sustainable-development-goals-report-2021.txt
Progress Status,on track,the-sustainable-development-goals-report-2021.txt
Progress Status,No data,the-sustainable-development-goals-report-2021.txt
Progress Status,on track,the-sustainable-development-goals-report-2021.txt
Progress Status,on track,the-sustainable-development-goals-report-2021.txt
Progress Status,No data,the-sustainable-development-goals-report-2021.txt
Progress Status,on track,the-sustainable-development-goals-report-2021.txt
Action and Impact,urgent action,the-sustainable-development-goals-report-2021.txt
Action and Impact,urgent action,the-sustainable-development-goals-report-2021.txt
Action and Impact,economic loss,the-sustainable-development-goals-report-2021.txt
Action and Impact,urgent action,the-sustainable-development-goals-report-2021.txt
Data and Monitoring,data gaps,the-sustainable-development-goals-report-2021.txt
Data and Monitoring,data gaps,the-sustainable-development-goals-report-2021.txt
Data and Monitoring,DISAGGREGATED DATA,the-sustainable-development-goals-report-2021.txt
Data and Monitoring,disaggregated data,the-sustainable-development-goals-report-2021.txt
Biodiversity and Ecosystems,biodiversity loss,the-sustainable-development-goals-report-2021.txt
Biodiversity and Ecosystems,biodiversity loss,the-sustainable-development-goals-report-2021.txt
Biodiversity and Ecosystems,biodiversity loss,the-sustainable-development-goals-report-2021.txt
Biodiversity and Ecosystems,biodiversity loss,the-sustainable-development-goals-report-2021.txt
Biodiversity and Ecosystems,biodiversity loss,the-sustainable-development-goals-report-2021.txt
Marine and Water Issues,Life below water,the-sustainable-development-goals-report-2021.txt
Marine and Water Issues,marine pollution,the-sustainable-development-goals-report-2021.txt
Marine and Water Issues,water stress,the-sustainable-development-goals-report-2021.txt
Marine and Water Issues,Water stress,the-sustainable-development-goals-report-2021.txt
Marine and Water Issues,water stress,the-sustainable-development-goals-report-2021.txt
Marine and Water Issues,water stress,the-sustainable-development-goals-report-2021.txt
Marine and Water Issues,water stress,the-sustainable-development-goals-report-2021.txt
Marine and Water Issues,water stress,the-sustainable-development-goals-report-2021.txt
Marine and Water Issues,water stress,the-sustainable-development-goals-report-2021.txt
Marine and Water Issues,Life below water,the-sustainable-development-goals-report-2021.txt
Energy Transition,Energy efficiency,the-sustainable-development-goals-report-2021.txt
Energy Transition,energy efficiency,the-sustainable-development-goals-report-2021.txt
Energy Transition,energy efficiency,the-sustainable-development-goals-report-2021.txt
Energy Transition,energy efficiency,the-sustainable-development-goals-report-2021.txt
Energy Transition,energy efficiency,the-sustainable-development-goals-report-2021.txt
Work and Employment,Decent work,the-sustainable-development-goals-report-2021.txt
Work and Employment,decent work,the-sustainable-development-goals-report-2021.txt
Work and Employment,decent work,the-sustainable-development-goals-report-2021.txt
Work and Employment,unemployment rate,the-sustainable-development-goals-report-2021.txt
Work and Employment,Unemployment rate,the-sustainable-development-goals-report-2021.txt
Work and Employment,labour market,the-sustainable-development-goals-report-2021.txt
Work and Employment,unemployment rate,the-sustainable-development-goals-report-2021.txt
Work and Employment,unemployment rate,the-sustainable-development-goals-report-2021.txt
Work and Employment,Decent work,the-sustainable-development-goals-report-2021.txt
Work and Employment,unemployment rate,the-sustainable-development-goals-report-2021.txt
Inequalities,Reduced inequalities,the-sustainable-development-goals-report-2021.txt
Inequalities,income inequality,the-sustainable-development-goals-report-2021.txt
Inequalities,income inequality,the-sustainable-development-goals-report-2021.txt
Inequalities,Income inequality,the-sustainable-development-goals-report-2021.txt
Inequalities,Income inequality,the-sustainable-development-goals-report-2021.txt
Inequalities,Reduced inequalities,the-sustainable-development-goals-report-2021.txt
Inequalities,income inequality,the-sustainable-development-goals-report-2021.txt
Health Metrics,universal health coverage,the-sustainable-development-goals-report-2021.txt
Health Metrics,mental health,the-sustainable-development-goals-report-2021.txt
Health Metrics,mental health,the-sustainable-development-goals-report-2021.txt
Health Metrics,mental health,the-sustainable-development-goals-report-2021.txt
Health Metrics,mental health,the-sustainable-development-goals-report-2021.txt
Health Metrics,Universal health coverage,the-sustainable-development-goals-report-2021.txt
Health Metrics,Universal Health Coverage,the-sustainable-development-goals-report-2021.txt
Health Metrics,Universal Health Coverage,the-sustainable-development-goals-report-2021.txt
Data Gaps,data availability,the-sustainable-development-goals-report-2021.txt
Data Gaps,insufficient data,the-sustainable-development-goals-report-2021.txt
Financial Support,Climate finance,the-sustainable-development-goals-report-2021.txt
Financial Support,Climate finance,the-sustainable-development-goals-report-2021.txt
Financial Support,climate finance,the-sustainable-development-goals-report-2021.txt
Financial Support,climate finance,the-sustainable-development-goals-report-2021.txt
Financial Support,debt relief,the-sustainable-development-goals-report-2021.txt
Crisis and Emergency,crisis response,the-sustainable-development-goals-report-2021.txt
